[
{
  "model": "sites.site",
  "pk": 1,
  "fields": {
    "domain": "providedh.ehum.psnc.pl",
    "name": "providedh.ehum.psnc.pl"
  }
},
{
  "model": "api_vis.commit",
  "pk": 1,
  "fields": {
    "project": 1,
    "date": "2020-02-11T11:23:58.323Z",
    "message": "first commit"
  }
},
{
  "model": "files_management.directory",
  "pk": 1,
  "fields": {
    "project": 1,
    "name": "tests_annotator",
    "deleted": false,
    "deleted_on": null,
    "parent_dir": null
  }
},
{
  "model": "files_management.file",
  "pk": 1,
  "fields": {
    "project": 1,
    "name": "source_file_xml",
    "deleted": false,
    "deleted_on": null,
    "version_number": 2,
    "parent_dir": 1
  }
},
{
  "model": "files_management.file",
  "pk": 2,
  "fields": {
    "project": 1,
    "name": "source_file_without_annotators_and_certainties_xml",
    "deleted": false,
    "deleted_on": null,
    "version_number": 2,
    "parent_dir": 1
  }
},
{
  "model": "files_management.filemaxxmlids",
  "pk": 1,
  "fields": {
    "person": 18,
    "event": 0,
    "org": 1,
    "place": 2,
    "certainty": 16,
    "object": 1
  }
},
{
  "model": "files_management.filemaxxmlids",
  "pk": 2,
  "fields": {
    "person": 6,
    "event": 0,
    "org": 1,
    "place": 2,
    "certainty": 0,
    "object": 1
  }
},
{
  "model": "projects.project",
  "pk": 1,
  "fields": {
    "title": "tests_annotator",
    "description": "",
    "creation_date": "2020-02-05T08:31:53.226Z",
    "modification_date": "2020-02-05T08:31:53.226Z",
    "license": "GPL",
    "public": false
  }
},
{
  "model": "projects.projectversion",
  "pk": 1,
  "fields": {
    "project": 1,
    "file_version_counter": 0,
    "commit": null,
    "commit_counter": 0,
    "date": "2020-02-05T08:31:53.254Z",
    "file_versions": []
  }
},
{
  "model": "projects.projectversion",
  "pk": 2,
  "fields": {
    "project": 1,
    "file_version_counter": 1,
    "commit": null,
    "commit_counter": 0,
    "date": "2020-02-05T08:32:36.730Z",
    "file_versions": [
      1
    ]
  }
},
{
  "model": "projects.projectversion",
  "pk": 3,
  "fields": {
    "project": 1,
    "file_version_counter": 2,
    "commit": null,
    "commit_counter": 0,
    "date": "2020-02-05T08:32:36.811Z",
    "file_versions": [
      2
    ]
  }
},
{
  "model": "projects.projectversion",
  "pk": 4,
  "fields": {
    "project": 1,
    "file_version_counter": 3,
    "commit": null,
    "commit_counter": 0,
    "date": "2020-02-05T08:32:42.196Z",
    "file_versions": [
      2,
      3
    ]
  }
},
{
  "model": "projects.projectversion",
  "pk": 5,
  "fields": {
    "project": 1,
    "file_version_counter": 4,
    "commit": null,
    "commit_counter": 0,
    "date": "2020-02-05T08:32:42.278Z",
    "file_versions": [
      2,
      4
    ]
  }
},
{
  "model": "projects.projectversion",
  "pk": 6,
  "fields": {
    "project": 1,
    "file_version_counter": 4,
    "commit": 1,
    "commit_counter": 1,
    "date": "2020-02-11T11:23:58.331Z",
    "file_versions": [
      2,
      4
    ]
  }
},
{
  "model": "projects.taxonomy",
  "pk": 1,
  "fields": {
    "xml_id_1": "ignorance",
    "name_1": "ignorance",
    "desc_1": "",
    "color_1": "#9270a8",
    "xml_id_2": "credibility",
    "name_2": "credibility",
    "desc_2": "",
    "color_2": "#cc4c3b",
    "xml_id_3": "imprecision",
    "name_3": "imprecision",
    "desc_3": "",
    "color_3": "#f1d155",
    "xml_id_4": "incompleteness",
    "name_4": "incompleteness",
    "desc_4": "",
    "color_4": "#67b2ac",
    "contents": "<?xml version=\"1.0\" encoding=\"UTF-8\"?>\n<TEI xmlns=\"http://www.tei-c.org/ns/1.0\">\n  <teiHeader>\n    <fileDesc>\n      <titleStmt>\n        <title>Uncertainty Taxonomy for project tests_annotator</title>\n      </titleStmt>\n    </fileDesc>\n    <encodingDesc>\n      <classDecl>\n        <taxonomy>\n          <category>\n            <catDesc>User recognized uncertainty</catDesc>\n            <category xml:id=\"ignorance\">\n              <catDesc>ignorance</catDesc>\n              <desc></desc>\n            </category>\n            <category xml:id=\"credibility\">\n              <catDesc>credibility</catDesc>\n              <desc></desc>\n            </category>\n            <category xml:id=\"imprecision\">\n              <catDesc>imprecision</catDesc>\n              <desc></desc>\n            </category>\n            <category xml:id=\"incompleteness\">\n              <catDesc>incompleteness</catDesc>\n              <desc></desc>\n            </category>\n          </category>\n          <category>\n            <catDesc>Machine generated uncertainty</catDesc>\n            <category xml:id=\"algorithmic\">\n              <catDesc>Algorithmic</catDesc>\n            </category>\n          </category>\n        </taxonomy>\n      </classDecl>\n    </encodingDesc>\n  </teiHeader>\n</TEI>"
  }
},
{
  "model": "auth.user",
  "pk": 1,
  "fields": {
    "password": "pbkdf2_sha256$150000$OFTrgAFpeWke$d9rYa8Mlc2uIzOP+VkNJ+GO3SiQlM3R4lUgh2YflD7Q=",
    "last_login": null,
    "is_superuser": false,
    "username": "anonymous",
    "first_name": "None",
    "last_name": "None",
    "email": "None",
    "is_staff": false,
    "is_active": true,
    "date_joined": "1970-01-01T00:00:00Z",
    "groups": [],
    "user_permissions": []
  }
},
{
  "model": "auth.user",
  "pk": 2,
  "fields": {
    "password": "pbkdf2_sha256$150000$6qyzkLmHRq7K$NIY5Ag7c51FH77ffwvJ9ZS9KIpaFaFko2LrfY4FcpzE=",
    "last_login": "2020-02-11T11:23:28.011Z",
    "is_superuser": false,
    "username": "tony_stark",
    "first_name": "Tony",
    "last_name": "Stark",
    "email": "tony_stark@zmyslonymail.com",
    "is_staff": false,
    "is_active": true,
    "date_joined": "2020-02-05T08:22:52.260Z",
    "groups": [],
    "user_permissions": []
  }
},
{
  "model": "api_vis.entity",
  "pk": 1,
  "fields": {
    "project": 1,
    "file": 1,
    "xml_id": "person_source_file_xml-1",
    "created_by": null,
    "created_in_version": 1,
    "deleted_on": null,
    "deleted_in_version": null,
    "deleted_by": null,
    "type": "person"
  }
},
{
  "model": "api_vis.entity",
  "pk": 2,
  "fields": {
    "project": 1,
    "file": 1,
    "xml_id": "person_source_file_xml-2",
    "created_by": null,
    "created_in_version": 1,
    "deleted_on": null,
    "deleted_in_version": null,
    "deleted_by": null,
    "type": "person"
  }
},
{
  "model": "api_vis.entity",
  "pk": 3,
  "fields": {
    "project": 1,
    "file": 1,
    "xml_id": "person_source_file_xml-3",
    "created_by": null,
    "created_in_version": 1,
    "deleted_on": null,
    "deleted_in_version": null,
    "deleted_by": null,
    "type": "person"
  }
},
{
  "model": "api_vis.entity",
  "pk": 4,
  "fields": {
    "project": 1,
    "file": 1,
    "xml_id": "person_source_file_xml-4",
    "created_by": null,
    "created_in_version": 1,
    "deleted_on": null,
    "deleted_in_version": null,
    "deleted_by": null,
    "type": "person"
  }
},
{
  "model": "api_vis.entity",
  "pk": 5,
  "fields": {
    "project": 1,
    "file": 1,
    "xml_id": "person_source_file_xml-5",
    "created_by": null,
    "created_in_version": 1,
    "deleted_on": null,
    "deleted_in_version": null,
    "deleted_by": null,
    "type": "person"
  }
},
{
  "model": "api_vis.entity",
  "pk": 6,
  "fields": {
    "project": 1,
    "file": 1,
    "xml_id": "person_source_file_xml-6",
    "created_by": null,
    "created_in_version": 1,
    "deleted_on": null,
    "deleted_in_version": null,
    "deleted_by": null,
    "type": "person"
  }
},
{
  "model": "api_vis.entity",
  "pk": 7,
  "fields": {
    "project": 1,
    "file": 1,
    "xml_id": "person_source_file_xml-7",
    "created_by": null,
    "created_in_version": 1,
    "deleted_on": null,
    "deleted_in_version": null,
    "deleted_by": null,
    "type": "person"
  }
},
{
  "model": "api_vis.entity",
  "pk": 8,
  "fields": {
    "project": 1,
    "file": 1,
    "xml_id": "person_source_file_xml-8",
    "created_by": null,
    "created_in_version": 1,
    "deleted_on": null,
    "deleted_in_version": null,
    "deleted_by": null,
    "type": "person"
  }
},
{
  "model": "api_vis.entity",
  "pk": 9,
  "fields": {
    "project": 1,
    "file": 1,
    "xml_id": "person_source_file_xml-9",
    "created_by": null,
    "created_in_version": 1,
    "deleted_on": null,
    "deleted_in_version": null,
    "deleted_by": null,
    "type": "person"
  }
},
{
  "model": "api_vis.entity",
  "pk": 10,
  "fields": {
    "project": 1,
    "file": 1,
    "xml_id": "person_source_file_xml-10",
    "created_by": null,
    "created_in_version": 1,
    "deleted_on": null,
    "deleted_in_version": null,
    "deleted_by": null,
    "type": "person"
  }
},
{
  "model": "api_vis.entity",
  "pk": 11,
  "fields": {
    "project": 1,
    "file": 1,
    "xml_id": "person_source_file_xml-11",
    "created_by": null,
    "created_in_version": 1,
    "deleted_on": null,
    "deleted_in_version": null,
    "deleted_by": null,
    "type": "person"
  }
},
{
  "model": "api_vis.entity",
  "pk": 12,
  "fields": {
    "project": 1,
    "file": 1,
    "xml_id": "person_source_file_xml-12",
    "created_by": null,
    "created_in_version": 1,
    "deleted_on": null,
    "deleted_in_version": null,
    "deleted_by": null,
    "type": "person"
  }
},
{
  "model": "api_vis.entity",
  "pk": 13,
  "fields": {
    "project": 1,
    "file": 1,
    "xml_id": "person_source_file_xml-13",
    "created_by": null,
    "created_in_version": 1,
    "deleted_on": null,
    "deleted_in_version": null,
    "deleted_by": null,
    "type": "person"
  }
},
{
  "model": "api_vis.entity",
  "pk": 14,
  "fields": {
    "project": 1,
    "file": 1,
    "xml_id": "person_source_file_xml-14",
    "created_by": null,
    "created_in_version": 1,
    "deleted_on": null,
    "deleted_in_version": null,
    "deleted_by": null,
    "type": "person"
  }
},
{
  "model": "api_vis.entity",
  "pk": 15,
  "fields": {
    "project": 1,
    "file": 1,
    "xml_id": "person_source_file_xml-15",
    "created_by": null,
    "created_in_version": 1,
    "deleted_on": null,
    "deleted_in_version": null,
    "deleted_by": null,
    "type": "person"
  }
},
{
  "model": "api_vis.entity",
  "pk": 16,
  "fields": {
    "project": 1,
    "file": 1,
    "xml_id": "person_source_file_xml-16",
    "created_by": null,
    "created_in_version": 1,
    "deleted_on": null,
    "deleted_in_version": null,
    "deleted_by": null,
    "type": "person"
  }
},
{
  "model": "api_vis.entity",
  "pk": 17,
  "fields": {
    "project": 1,
    "file": 1,
    "xml_id": "person_source_file_xml-17",
    "created_by": null,
    "created_in_version": 1,
    "deleted_on": null,
    "deleted_in_version": null,
    "deleted_by": null,
    "type": "person"
  }
},
{
  "model": "api_vis.entity",
  "pk": 18,
  "fields": {
    "project": 1,
    "file": 1,
    "xml_id": "person_source_file_xml-18",
    "created_by": null,
    "created_in_version": 1,
    "deleted_on": null,
    "deleted_in_version": null,
    "deleted_by": null,
    "type": "person"
  }
},
{
  "model": "api_vis.entity",
  "pk": 19,
  "fields": {
    "project": 1,
    "file": 1,
    "xml_id": "place_source_file_xml-1",
    "created_by": null,
    "created_in_version": 1,
    "deleted_on": null,
    "deleted_in_version": null,
    "deleted_by": null,
    "type": "place"
  }
},
{
  "model": "api_vis.entity",
  "pk": 20,
  "fields": {
    "project": 1,
    "file": 1,
    "xml_id": "place_source_file_xml-2",
    "created_by": null,
    "created_in_version": 1,
    "deleted_on": null,
    "deleted_in_version": null,
    "deleted_by": null,
    "type": "place"
  }
},
{
  "model": "api_vis.entity",
  "pk": 21,
  "fields": {
    "project": 1,
    "file": 1,
    "xml_id": "org_source_file_xml-1",
    "created_by": null,
    "created_in_version": 1,
    "deleted_on": null,
    "deleted_in_version": null,
    "deleted_by": null,
    "type": "org"
  }
},
{
  "model": "api_vis.entity",
  "pk": 22,
  "fields": {
    "project": 1,
    "file": 1,
    "xml_id": "certainty_source_file_xml-1",
    "created_by": null,
    "created_in_version": 1,
    "deleted_on": null,
    "deleted_in_version": null,
    "deleted_by": null,
    "type": "certainty"
  }
},
{
  "model": "api_vis.entity",
  "pk": 23,
  "fields": {
    "project": 1,
    "file": 1,
    "xml_id": "certainty_source_file_xml-2",
    "created_by": null,
    "created_in_version": 1,
    "deleted_on": null,
    "deleted_in_version": null,
    "deleted_by": null,
    "type": "certainty"
  }
},
{
  "model": "api_vis.entity",
  "pk": 24,
  "fields": {
    "project": 1,
    "file": 1,
    "xml_id": "certainty_source_file_xml-3",
    "created_by": null,
    "created_in_version": 1,
    "deleted_on": null,
    "deleted_in_version": null,
    "deleted_by": null,
    "type": "certainty"
  }
},
{
  "model": "api_vis.entity",
  "pk": 25,
  "fields": {
    "project": 1,
    "file": 1,
    "xml_id": "certainty_source_file_xml-4",
    "created_by": null,
    "created_in_version": 1,
    "deleted_on": null,
    "deleted_in_version": null,
    "deleted_by": null,
    "type": "certainty"
  }
},
{
  "model": "api_vis.entity",
  "pk": 26,
  "fields": {
    "project": 1,
    "file": 1,
    "xml_id": "certainty_source_file_xml-5",
    "created_by": null,
    "created_in_version": 1,
    "deleted_on": null,
    "deleted_in_version": null,
    "deleted_by": null,
    "type": "certainty"
  }
},
{
  "model": "api_vis.entity",
  "pk": 27,
  "fields": {
    "project": 1,
    "file": 1,
    "xml_id": "certainty_source_file_xml-6",
    "created_by": null,
    "created_in_version": 1,
    "deleted_on": null,
    "deleted_in_version": null,
    "deleted_by": null,
    "type": "certainty"
  }
},
{
  "model": "api_vis.entity",
  "pk": 28,
  "fields": {
    "project": 1,
    "file": 1,
    "xml_id": "certainty_source_file_xml-7",
    "created_by": null,
    "created_in_version": 1,
    "deleted_on": null,
    "deleted_in_version": null,
    "deleted_by": null,
    "type": "certainty"
  }
},
{
  "model": "api_vis.entity",
  "pk": 29,
  "fields": {
    "project": 1,
    "file": 1,
    "xml_id": "certainty_source_file_xml-8",
    "created_by": null,
    "created_in_version": 1,
    "deleted_on": null,
    "deleted_in_version": null,
    "deleted_by": null,
    "type": "certainty"
  }
},
{
  "model": "api_vis.entity",
  "pk": 30,
  "fields": {
    "project": 1,
    "file": 1,
    "xml_id": "certainty_source_file_xml-9",
    "created_by": null,
    "created_in_version": 1,
    "deleted_on": null,
    "deleted_in_version": null,
    "deleted_by": null,
    "type": "certainty"
  }
},
{
  "model": "api_vis.entity",
  "pk": 31,
  "fields": {
    "project": 1,
    "file": 1,
    "xml_id": "certainty_source_file_xml-10",
    "created_by": null,
    "created_in_version": 1,
    "deleted_on": null,
    "deleted_in_version": null,
    "deleted_by": null,
    "type": "certainty"
  }
},
{
  "model": "api_vis.entity",
  "pk": 32,
  "fields": {
    "project": 1,
    "file": 1,
    "xml_id": "certainty_source_file_xml-11",
    "created_by": null,
    "created_in_version": 1,
    "deleted_on": null,
    "deleted_in_version": null,
    "deleted_by": null,
    "type": "certainty"
  }
},
{
  "model": "api_vis.entity",
  "pk": 33,
  "fields": {
    "project": 1,
    "file": 1,
    "xml_id": "certainty_source_file_xml-12",
    "created_by": null,
    "created_in_version": 1,
    "deleted_on": null,
    "deleted_in_version": null,
    "deleted_by": null,
    "type": "certainty"
  }
},
{
  "model": "api_vis.entity",
  "pk": 34,
  "fields": {
    "project": 1,
    "file": 1,
    "xml_id": "certainty_source_file_xml-13",
    "created_by": null,
    "created_in_version": 1,
    "deleted_on": null,
    "deleted_in_version": null,
    "deleted_by": null,
    "type": "certainty"
  }
},
{
  "model": "api_vis.entity",
  "pk": 35,
  "fields": {
    "project": 1,
    "file": 1,
    "xml_id": "certainty_source_file_xml-14",
    "created_by": null,
    "created_in_version": 1,
    "deleted_on": null,
    "deleted_in_version": null,
    "deleted_by": null,
    "type": "certainty"
  }
},
{
  "model": "api_vis.entity",
  "pk": 36,
  "fields": {
    "project": 1,
    "file": 2,
    "xml_id": "person_source_file_without_annotators_and_certainties_xml-1",
    "created_by": null,
    "created_in_version": 1,
    "deleted_on": null,
    "deleted_in_version": null,
    "deleted_by": null,
    "type": "person"
  }
},
{
  "model": "api_vis.entity",
  "pk": 37,
  "fields": {
    "project": 1,
    "file": 2,
    "xml_id": "person_source_file_without_annotators_and_certainties_xml-2",
    "created_by": null,
    "created_in_version": 1,
    "deleted_on": null,
    "deleted_in_version": null,
    "deleted_by": null,
    "type": "person"
  }
},
{
  "model": "api_vis.entity",
  "pk": 38,
  "fields": {
    "project": 1,
    "file": 2,
    "xml_id": "person_source_file_without_annotators_and_certainties_xml-3",
    "created_by": null,
    "created_in_version": 1,
    "deleted_on": null,
    "deleted_in_version": null,
    "deleted_by": null,
    "type": "person"
  }
},
{
  "model": "api_vis.entity",
  "pk": 39,
  "fields": {
    "project": 1,
    "file": 2,
    "xml_id": "person_source_file_without_annotators_and_certainties_xml-4",
    "created_by": null,
    "created_in_version": 1,
    "deleted_on": null,
    "deleted_in_version": null,
    "deleted_by": null,
    "type": "person"
  }
},
{
  "model": "api_vis.entity",
  "pk": 40,
  "fields": {
    "project": 1,
    "file": 2,
    "xml_id": "person_source_file_without_annotators_and_certainties_xml-5",
    "created_by": null,
    "created_in_version": 1,
    "deleted_on": null,
    "deleted_in_version": null,
    "deleted_by": null,
    "type": "person"
  }
},
{
  "model": "api_vis.entity",
  "pk": 41,
  "fields": {
    "project": 1,
    "file": 2,
    "xml_id": "person_source_file_without_annotators_and_certainties_xml-6",
    "created_by": null,
    "created_in_version": 1,
    "deleted_on": null,
    "deleted_in_version": null,
    "deleted_by": null,
    "type": "person"
  }
},
{
  "model": "api_vis.entity",
  "pk": 42,
  "fields": {
    "project": 1,
    "file": 2,
    "xml_id": "place_source_file_without_annotators_and_certainties_xml-1",
    "created_by": null,
    "created_in_version": 1,
    "deleted_on": null,
    "deleted_in_version": null,
    "deleted_by": null,
    "type": "place"
  }
},
{
  "model": "api_vis.entity",
  "pk": 43,
  "fields": {
    "project": 1,
    "file": 2,
    "xml_id": "place_source_file_without_annotators_and_certainties_xml-2",
    "created_by": null,
    "created_in_version": 1,
    "deleted_on": null,
    "deleted_in_version": null,
    "deleted_by": null,
    "type": "place"
  }
},
{
  "model": "api_vis.entity",
  "pk": 44,
  "fields": {
    "project": 1,
    "file": 2,
    "xml_id": "org_source_file_without_annotators_and_certainties_xml-1",
    "created_by": null,
    "created_in_version": 1,
    "deleted_on": null,
    "deleted_in_version": null,
    "deleted_by": null,
    "type": "org"
  }
},
{
  "model": "api_vis.clique",
  "pk": 1,
  "fields": {
    "project": 1,
    "asserted_name": "Rory Magwire",
    "created_by": 2,
    "created_on": "2020-02-11T11:23:36.039Z",
    "created_in_commit": 1,
    "created_in_annotator": false,
    "deleted_by": null,
    "deleted_on": null,
    "deleted_in_commit": null
  }
},
{
  "model": "api_vis.unification",
  "pk": 1,
  "fields": {
    "project": 1,
    "entity": 13,
    "clique": 1,
    "created_by": 2,
    "created_on": "2020-02-11T11:23:36.066Z",
    "created_in_commit": 1,
    "created_in_file_version": 2,
    "created_in_annotator": false,
    "deleted_by": null,
    "deleted_on": null,
    "deleted_in_commit": null,
    "deleted_in_file_version": null,
    "ana": "",
    "certainty": "high",
    "description": "",
    "xml_id": "certainty_source_file_xml-15"
  }
},
{
  "model": "api_vis.unification",
  "pk": 2,
  "fields": {
    "project": 1,
    "entity": 15,
    "clique": 1,
    "created_by": 2,
    "created_on": "2020-02-11T11:23:36.078Z",
    "created_in_commit": 1,
    "created_in_file_version": 2,
    "created_in_annotator": false,
    "deleted_by": null,
    "deleted_on": null,
    "deleted_in_commit": null,
    "deleted_in_file_version": null,
    "ana": "",
    "certainty": "high",
    "description": "",
    "xml_id": "certainty_source_file_xml-16"
  }
},
{
  "model": "core.profile",
  "pk": 1,
  "fields": {
    "agree_to_terms": true,
    "is_scientist": false,
    "orcid": null,
    "twitter": null,
    "github": null,
    "scholar": null,
    "researchgate": null,
    "about": null
  }
},
{
  "model": "core.profile",
  "pk": 2,
  "fields": {
    "agree_to_terms": true,
    "is_scientist": false,
    "orcid": null,
    "twitter": null,
    "github": null,
    "scholar": null,
    "researchgate": null,
    "about": null
  }
},
{
  "model": "files_management.fileversion",
  "pk": 1,
  "fields": {
    "upload": "uploaded_files/a48f5e89919d3dd1d97df7b58fc657418c5d7f5e2f910898a642a166730256121f29626bb7f9a_0Hc8Ftp",
    "hash": "a48f5e89919d3dd1d97df7b58fc657418c5d7f5e2f910898a642a166730256121f29626bb7f9a30438f20f91c6ba156e99e3290c1f1678aba9b587862582aa83",
    "file": 1,
    "number": 1,
    "creation_date": "2020-02-05T08:32:36.724Z",
    "created_by": 2,
    "message": null
  }
},
{
  "model": "files_management.fileversion",
  "pk": 2,
  "fields": {
    "upload": "uploaded_files/6a67ddd204baa02d8c10dff923e9e590ad9b47d5b9868db1bea3b46a6dd3653133efc15286396_I5SDNa7",
    "hash": "6a67ddd204baa02d8c10dff923e9e590ad9b47d5b9868db1bea3b46a6dd3653133efc15286396f60a49fab9221901fc0f339a2fb036e978e4f2a3940111a1dd9",
    "file": 1,
    "number": 2,
    "creation_date": "2020-02-05T08:32:36.796Z",
    "created_by": 2,
    "message": null
  }
},
{
  "model": "files_management.fileversion",
  "pk": 3,
  "fields": {
    "upload": "uploaded_files/66a6c37ea3ecadb6f1797eb79566a12cde1f33c23fc0efafd753cd43d3e423d4cf8d751404c5e_KguvUNl",
    "hash": "66a6c37ea3ecadb6f1797eb79566a12cde1f33c23fc0efafd753cd43d3e423d4cf8d751404c5e8cc4fde3fb96f3bbf20fe239020193c048f7c4f4ed09f8219d7",
    "file": 2,
    "number": 1,
    "creation_date": "2020-02-05T08:32:42.190Z",
    "created_by": 2,
    "message": null
  }
},
{
  "model": "files_management.fileversion",
  "pk": 4,
  "fields": {
    "upload": "uploaded_files/8505ca8219e21e0259567de35b96ca029b6464d9069a8ef9c39e411a235d1ccb1861e8b043b99_0PAKdMV",
    "hash": "8505ca8219e21e0259567de35b96ca029b6464d9069a8ef9c39e411a235d1ccb1861e8b043b993e4d0c5ff0e7159c9ff78934bfea3694797bda09ae9c61b59f4",
    "file": 2,
    "number": 2,
    "creation_date": "2020-02-05T08:32:42.265Z",
    "created_by": 2,
    "message": null
  }
},
{
  "model": "projects.contributor",
  "pk": 1,
  "fields": {
    "project": 1,
    "user": 2,
    "profile": 2,
    "permissions": "AD"
  }
},
{
  "model": "projects.activity",
  "pk": 1,
  "fields": {
    "project": 1,
    "date": "2020-02-05T08:31:53.295Z",
    "related_file": null,
    "related_file_name": null,
    "related_dir": null,
    "related_dir_name": null,
    "user": 2,
    "user_name": "Tony Stark",
    "action_text": "created project"
  }
},
{
  "model": "projects.activity",
  "pk": 2,
  "fields": {
    "project": 1,
    "date": "2020-02-05T08:32:36.746Z",
    "related_file": 1,
    "related_file_name": "source_file_xml",
    "related_dir": null,
    "related_dir_name": null,
    "user": 2,
    "user_name": "Tony Stark",
    "action_text": "created"
  }
},
{
  "model": "projects.activity",
  "pk": 3,
  "fields": {
    "project": 1,
    "date": "2020-02-05T08:32:36.828Z",
    "related_file": 1,
    "related_file_name": "source_file_xml",
    "related_dir": null,
    "related_dir_name": null,
    "user": 2,
    "user_name": "Tony Stark",
    "action_text": "created version number 2 of"
  }
},
{
  "model": "projects.activity",
  "pk": 4,
  "fields": {
    "project": 1,
    "date": "2020-02-05T08:32:37.322Z",
    "related_file": 1,
    "related_file_name": "source_file_xml",
    "related_dir": null,
    "related_dir_name": null,
    "user": 2,
    "user_name": "Tony Stark",
    "action_text": "File migrated: Changed CR/LF character codes to <lb/> tags. Appended TEI ProvideDH schema. Reformatted xml. "
  }
},
{
  "model": "projects.activity",
  "pk": 5,
  "fields": {
    "project": 1,
    "date": "2020-02-05T08:32:42.222Z",
    "related_file": 2,
    "related_file_name": "source_file_without_annotators_and_certainties_xml",
    "related_dir": null,
    "related_dir_name": null,
    "user": 2,
    "user_name": "Tony Stark",
    "action_text": "created"
  }
},
{
  "model": "projects.activity",
  "pk": 6,
  "fields": {
    "project": 1,
    "date": "2020-02-05T08:32:42.303Z",
    "related_file": 2,
    "related_file_name": "source_file_without_annotators_and_certainties_xml",
    "related_dir": null,
    "related_dir_name": null,
    "user": 2,
    "user_name": "Tony Stark",
    "action_text": "created version number 2 of"
  }
},
{
  "model": "projects.activity",
  "pk": 7,
  "fields": {
    "project": 1,
    "date": "2020-02-05T08:32:42.496Z",
    "related_file": 2,
    "related_file_name": "source_file_without_annotators_and_certainties_xml",
    "related_dir": null,
    "related_dir_name": null,
    "user": 2,
    "user_name": "Tony Stark",
    "action_text": "File migrated: Changed CR/LF character codes to <lb/> tags. Appended TEI ProvideDH schema. Reformatted xml. "
  }
}
]
